{"cameraMode":{"drawMode":0,"name":"Shaded","section":"Shading Mode"},"sceneLighting":true,"audioPlay":false,"sceneViewState":{"m_AlwaysRefresh":false,"showFog":true,"showSkybox":true,"showFlares":true,"showImageEffects":true,"showParticleSystems":true,"showVisualEffectGraphs":true,"m_FxEnabled":true},"in2DMode":false,"pivot":{"x":3.994309186935425,"y":22.37307357788086,"z":-8.967622756958008},"rotation":{"x":0.6663565039634705,"y":0.0011171880178153515,"z":-0.0009954087436199189,"w":0.7456346750259399},"size":14.442910194396973,"orthographic":false}