{"cameraMode":{"drawMode":0,"name":"Shaded","section":"Shading Mode"},"sceneLighting":true,"audioPlay":false,"sceneViewState":{"m_AlwaysRefresh":false,"showFog":true,"showSkybox":true,"showFlares":true,"showImageEffects":true,"showParticleSystems":true,"showVisualEffectGraphs":true,"m_FxEnabled":true},"in2DMode":false,"pivot":{"x":5.5297980308532719,"y":35.0521125793457,"z":0.18911290168762208},"rotation":{"x":0.000778928108047694,"y":-0.7315338850021362,"z":0.6819153428077698,"w":0.0009580333135090768},"size":5.960391998291016,"orthographic":false}