{"cameraMode":{"drawMode":0,"name":"Shaded","section":"Shading Mode"},"sceneLighting":true,"audioPlay":false,"sceneViewState":{"m_AlwaysRefresh":false,"showFog":true,"showSkybox":true,"showFlares":true,"showImageEffects":true,"showParticleSystems":true,"showVisualEffectGraphs":true,"m_FxEnabled":true},"in2DMode":false,"pivot":{"x":1.0759027004241944,"y":-5.9679107666015629,"z":-2.3374412059783937},"rotation":{"x":0.0014544475125148893,"y":-0.7222297787666321,"z":0.6916989684104919,"w":0.0015251734293997288},"size":27.827178955078126,"orthographic":false}